text,image,likes,comments,shares
"['1840s', 'advocating', 'hand', 'washing', 'even', 'cost', 'doctor', 'career', 'Wash', 'hand', 'controversial', 'medical', 'advice']",1,689,19,187
"['commentary', 'make', 'day']",0,4726,202,0
"['orange', 'trail', 'poop', 'reveals', 'unlikely', 'ally', 'one', 'coffee', 'worst', 'threat', 'invasive', 'snail', 'could', 'save', 'coffee', 'destruction']",1,890,26,116
"['father', 'memorial', 'buildingwide', 'singalong', 'phone', 'call', 'stranger', 'photographer', 'document', 'strange', 'suspended', 'state', 'life', 'country', 'like', 'scary', 'movie', 'Coronavirus', 'forced', 'Iran', 'take', 'hard', 'pause']",1,1287,35,150
"['Shot', 'photographer', 'Aarzoo', 'Khurana', 'captured', 'interaction', 'black', 'bird', 'deer', 'Ranthambore', 'National', 'Park', 'India']",1,29013,349,0
"['Venturing', 'see', 'fleeting', 'bloom', 'not', 'advisable', 'due', 'coronavirus', 'pandemic', 'still', 'experience', 'peak', 'bloom', 'comfort', 'home', 'via', 'livestream', '25', 'gorgeous', 'photo', 'cherry', 'blossom']",1,4146,90,1001
"['Blending', 'famous', 'grotesque', 'Madame', 'Tussauds', 'wax', 'museum', 'inspire', 'fascination', 'today', 'England', '19th', 'century', 'Madame', 'Tussaud', 'built', 'house', 'wax']",1,1232,30,158
"['Reintroduced', 'Yellowstone', 'mid1990s', '70year', 'absence', 'wolf', 'thrived', 'Photographer', 'Ronan', 'Donovan', 'spent', '2015', 'living', 'national', 'park', 'chronicling', 'life', 'iconic', 'specie', 'Photographer', 'Ronan', 'Donovan', 'Yellowstone']",1,5730,88,515
"['risk', 'exposing', 'people', 'group', 'coronavirus', 'go', 'exponentially', 'event', 'size', 'See', 'keeping', 'group', 'small', 'save', 'life', 'era', 'COVID19']",1,4268,124,1676
"['Discover', 'history', 'Resurrection', 'Islandand', 'nature', 'incredible', 'ability', 'bounce', 'back', 'httpsonnatgeocom2Jd0ejt']",0,8133,128,0
"['Experts', 'say', 'there', 'no', 'reason', 'time', 'believe', 'COVID19', 'could', 'spread', 'blood', 'normal', 'course', 'organ', 'transplantation', 'Blood', 'organ', 'donation', 'shrink', 'amid', 'coronavirus', 'fear']",1,1456,88,235
"['snowy', 'topography', 'Banff', 'Canada', 'accentuated', 'sun', 'shadow', 'tranquil', 'image', 'photographer', 'Barry', 'Chen']",1,19271,232,0
"['goddess', 'Isis', 'divine', 'protector', 'dead', 'first', 'worshipped', 'Nile', 'Delta', 'originated', 'grew', 'become', 'important', 'deity', 'whole', 'ancient', 'Egypt', 'Worship', 'Egyptian', 'goddess', 'spread', 'Egypt', 'England']",1,2533,88,459
"['herd', 'immunity', 'establishing', 'difficult', 'new', 'coronavirus', 'UK', 'backed', 'herd', 'immunity', 'beat', 'COVID19', 'well', 'ultimately', 'need']",1,3609,232,961
"['virtual', 'map', 'mouse', 'brain', 'magnifies', 'way', 'one', 'thousandth', 'millimeter', '0000039', 'inch', 'Mouse', 'Brain', 'Map', 'Reveals', 'Tiny', 'Communication', 'Network']",1,1622,33,136
"['coronavirus', 'pandemic', 'encouraging', 'Americans', 'head', 'great', 'outdoors', 'run', 'contrary', 'ongoing', 'closure', 'public', 'concernsand', 'official', 'guidance', 'National', 'park', 'waived', 'fee', 'think', 'twice', 'visiting']",1,2696,96,233
"['Water', 'monitor', 'intelligent', 'lizard', 'worldand', 'grow', 'seven', 'foot', 'long']",0,6211,188,0
"['luxury', 'live', 'reef', 'fish', 'market', 'threatens', 'humphead', 'wrasse', 'Could', 'unique', 'eyelash', 'help', 'save', 'king', 'coral', 'reef', 'disappearing', 'Heres']",1,3638,42,351
"['Flowing', 'line', 'Chureito', 'Pagoda', 'cherry', 'blossom', 'tree', 'frame', 'Mt', 'Fuji', 'image', 'taken', 'Japan', 'venturing', 'see', 'fleeting', 'bloom', 'year', 'not', 'advisable', 'due', 'coronavirus', 'pandemic', 'still', 'enjoy', 'beauty', 'photography', 'httpsonnatgeocom3a6wQIh']",1,12550,173,0
"['No', 'dolphin', 'not', 'swimming', 'canal', 'Venice', 'Id', 'encourage', 'people', 'share', 'positive', 'thing', 'doesnt', 'anything', 'dramatic', 'true', 'Fake', 'animal', 'news', 'abounds', 'social', 'medium', 'coronavirus', 'upends', 'life']",1,31198,1940,39683
"['Social', 'distancing', 'test', 'limit', 'wanderlustbut', 'way', 'cope', 'Youve', 'cancel', 'vacation', 'Heres', 'next']",1,1345,74,119
"['Nowruz', 'also', 'known', 'Persian', 'New', 'Year', 'observed', '3000', 'year', 'victory', 'spring', 'darkness', 'ancient', 'festival', 'celebration', 'springtimeand', 'brand', 'new', 'year']",1,2471,83,459
"['help', 'remoteoperated', 'vehicle', 'see', 'decade', 'worth', 'ocean', 'life', 'look', 'like']",0,4918,88,0
"['Scientists', 'agree', 'amphibian', 'trouble', 'real', 'limit', 'know', 'say', 'may', 'know', 'le', 'amphibian', 'apocalypse', 'thought']",1,3044,37,316
"['lion', 'cub', 'play', 'lioness', 'early', 'morning', 'Masai', 'Mara', 'Kenya', 'shot', 'captured', 'Shot', 'photographer', 'NiStar', 'Ps']",1,13690,121,0
"['hyperactive', 'volcanic', 'region', 'like', 'Yellowstone', 'exact', 'cause', 'specific', 'movement', 'difficult', 'pin', 'recent', 'study', 'may', 'shed', 'light', 'one', 'pocket', 'land', 'seemingly', 'breathing', 'chunk', 'Yellowstone', 'size', 'Chicago', 'pulsing']",1,4713,528,2268
"['Vampire', 'bat', 'already', 'known', 'highly', 'socialmaintaining', 'decadelong', 'relationshipsbut', 'scientist', 'know', 'connection', 'begin', 'vampire', 'bat', 'friendship', 'surprisingly', 'like']",1,2103,113,325
"['Everyone', 'want', 'know', 'many', 'people', 'many', 'exact', 'size', 'group', 'far', 'factor', 'matter', 'assessing', 'infection', 'risk', 'Whats', 'safest', 'gathering', 'size', 'slow', 'coronavirus', 'not', 'one']",1,1807,117,264
"['adult', 'giraffe', 'powerful', 'enough', 'kill', 'lion', 'single', 'kickbut', 'not', 'stop', 'attempted', 'ambush', 'Lions', 'cling', 'giraffe', 'back', 'risky', 'attack']",1,2378,107,277
"['Baked', 'Alaska', 'London', 'broil', 'Chicken', 'Kiev', 'Sometimes', 'name', 'dish', 'get', 'lost', 'translation', 'food', 'named', 'place']",1,1225,61,148
"['shared', 'video', 'theyll', 'make', 'heart', 'burst']",0,27066,1151,0
"['specific', 'population', 'longtoed', 'salamander', 'much', 'larger', 'head', 'jaw', 'normal', 'serve', 'specific', 'purpose', 'cannibalism', 'Meet', 'shapeshifting', 'baby', 'amphibian', 'turn', 'cannibal']",1,1337,24,213
"['Air', 'kiss', 'Namaste', 'readersuggested', 'way', 'greet', 'around', 'handshake', 'alternative', 'suggested', 'reader']",1,4083,329,1452
"['Shot', 'photographer', 'Thomas', 'C', 'waited', 'hour', 'capture', 'beautiful', 'moment', 'black', 'skimmer', 'colony', 'Florida']",1,19458,511,0
"['early', 'ancestor', 'duck', 'chicken', 'waddled', 'along', 'shore', 'modernday', 'Europe', 'asteroid', 'impact', 'caused', 'global', 'extinction', 'event', 'wonderchicken', 'walked', 'Earth', 'dinosaur']",1,5105,82,581
"['Bleach', 'Clorox', 'Dish', 'soap', 'Heres', 'expert', 'say', 'soap', 'still', 'best', 'tool', 'easily', 'sanitizing', 'surface', 'soap', 'preferable', 'bleach', 'fight', 'coronavirus']",1,7599,239,4785
"['amount', 'anxiety', 'good', 'face', 'disaster', 'panic', 'doesnt', 'help', 'much', 'longterm', 'threatsand', 'body', 'arent', 'made', 'live', 'acute', 'stress', 'anxiety', 'week', 'month', 'Panic', 'spreading', 'like', 'coronavirus', 'Heres', 'evolved', 'feel', 'anxiety']",1,2019,200,471
"['Witness', 'eerily', 'beautiful', 'growth', 'larva', 'bee', 'mesmerizing', 'timelapse', 'video', 'Amazing', 'TimeLapse', 'Bees', 'Hatch', 'Eyes']",1,6280,232,2979
"['Enjoy', 'beauty', 'outdoors', 'image', 'pattern', 'nature', 'Flower', 'Patterns', 'Nature', 'Photo', 'Gallery']",1,7548,122,1607
"['Not', 'long', 'ago', 'South', 'Georgias', 'fur', 'seal', 'massacrednearly', 'driven', 'extinction', 'theyre', 'thriving', 'httpsonnatgeocom2O6Km7M']",0,24386,892,0
"['1900s', 'New', 'York', 'cook', 'named', 'Mary', 'Mallon', 'demonstrated', 'unwitting', 'carrier', 'could', 'root', 'disease', 'outbreak', 'Typhoid', 'Marys', 'tragic', 'tale', 'exposed', 'health', 'impact', 'superspreaders']",1,5218,209,2831
"['Gentoo', 'penguin', 'walk', 'edge', 'ice', 'Antarctica', 'allowing', 'Shot', 'photographer', 'Jonas', 'Beyer', 'capture', 'unique', 'split', 'photo']",1,7087,62,0
"['Wolves', 'among', 'planet', 'beststudied', 'animal', 'yet', 'boreal', 'forest', 'habit', 'remained', 'relatively', 'mysterious', 'secret', 'life', 'fisheating', 'beaverambushing', 'wolf', 'Minnesota']",1,3584,44,238
"['St', 'Patricks', 'Day', 'celebrated', 'century', 'holiday', 'origin', 'exactly', 'St', 'Patrick', 'Saint', 'Patrick', 'day']",1,2259,98,683
"['Sam', 'Abell', 'knew', 'would', 'need', 'luck', 'Irish', 'hope', 'photographing', 'country', 'National', 'Geographic', '1994', 'Beauty', 'Ireland', 'Captured', 'Enchanting', 'Photos']",1,9808,193,1639
"['black', 'Jacobin', 'hummingbird', 'song', 'frequency', '10', 'kHz', 'top', 'range', 'human', 'hear', 'bird', 'known', 'hear', 'Hummingbird', 'Makes', 'HighestPitched', 'Call', 'Bird']",1,6092,70,901
"['get', 'naturally', 'social', 'kid', 'practice', 'social', 'distancing', 'Coronavirus', 'family', 'survival', 'guide']",1,995,70,222
"['animal', 'navigate', 'night']",0,1616,44,0
"['Pust', 'prevailed', 'become', 'one', 'Slovenias', 'biggest', 'cultural', 'event', 'quite', 'spectacle', 'Locals', 'dress', 'elaborate', 'handmade', 'costume', 'mask', 'walk', 'shimmy', 'town', 'scare', 'away', 'vestige', 'winter', 'clear', 'way', 'spring', 'Slovenias', 'Shrovetide', 'tradition', 'celebrates', 'Carnival', 'monster', 'mask', 'parade']",1,1454,47,181
"['Harriet', 'Chalmers', 'Adams', 'female', 'journalist', 'allowed', 'French', 'frontlines', 'WWI', 'spent', 'life', 'traveling', 'world', 'remote', 'place', 'promoting', 'fellow', 'female', 'explorer', '40000mile', 'journey', 'nothing', '19thcentury', 'female', 'explorer']",1,2069,39,387
"['Indias', 'national', 'bird', 'Indian', 'peafowl', 'display', 'brilliant', 'feather', 'portrait', 'Shot', 'photographer', 'Sumana', 'Kondoju']",1,13939,194,0
"['Aztec', 'midwifeor', 'tlamatlquiticitlinstituted', 'remarkable', 'birthing', 'plan', 'including', 'practical', 'care', 'drug', 'pain', 'relief', 'religious', 'ceremony', 'Call', 'Aztec', 'Midwife', 'Childbirth', '16th', 'Century']",1,2818,93,479
"['cannot', 'go', 'St', 'Patricks', 'Day', 'go', 'back', 'time', 'favorite', 'vintage', 'photo', 'charming', 'Emerald', 'Isle', 'St', 'Patricks', 'Day', '17', 'Pictures', 'Transport', 'Ireland']",1,3485,104,693
"['bond', 'albatross', 'last', 'decade', 'every', 'year', 'return', 'colony']",0,10249,142,0
"['tree', 'teach', 'u', 'starter', 'inspire', 'u', 'comfort', 'u', 'remind', 'u', 'life', 'move', 'Learn', 'Trees']",1,4380,70,568
"['know', 'Unlike', 'carnivore', 'get', 'sodium', 'meat', 'butterfly', 'find', 'sourceslike', 'turtle', 'tear', 'Know', 'Butterflies', 'Drink', 'Turtle', 'Tears']",1,27698,1167,28008
"['Considered', 'messenger', 'god', 'macaque', 'made', 'wear', 'costume', 'backflips', 'walk', 'stilt', 'please', 'crowd', 'Circuslike', 'performance', 'snow', 'monkey', 'Japan', 'contradict', 'longrevered', 'status']",1,2897,426,716
"['Barbara', 'Washburn', 'selfdescribed', 'accidental', 'mountaineer', 'spent', '40', 'year', 'mapping', 'remote', 'corner', 'US', 'mapped', 'Grand', 'Canyon', 'forgotten', 'female', 'mountaineer']",1,16059,178,8435
"['Even', 'bestplanned', 'trip', 'get', 'disrupted', 'illness', 'accident', 'world', 'event', 'Travel', 'insurance', 'helpbut', 'read', 'fine', 'print', 'travel', 'insurance', 'canand', 'canthelp', 'plan', 'change']",1,1072,30,120
"['story', 'dream', 'hope', 'achieving', 'something', 'bigger', 'ordinary', 'life', 'would', 'Kibera', 'Nairobis', 'Largest', 'Slum', 'Young', 'Ballerinas', 'Dream', 'Big']",1,7399,131,1204
"['average', 'home', 'contains', '61', 'distinct', 'arthropod', 'familiessome', 'could', 'live', 'entire', 'life', 'indoors', 'Wealthier', 'Homes', 'Kinds', 'Bugs']",1,1690,83,411
"['Echinopsis', 'cactus', 'flower', 'bloom', 'overnightand', 'last', 'day', 'httponnatgeocom2dWDPf1']",0,48229,2285,0
"['full', '30', 'percent', 'female', 'anaconda', 'bodyweight', 'go', 'making', 'babiesso', 'extra', 'kilo', 'meat', 'strangled', 'mate', 'good', 'protein', 'expecting', 'mother', 'Female', 'Anaconda', 'Strangles', 'Male', 'Sex']",1,6358,761,1722
"['Christine', 'de', 'Pisan', 'upended', 'medieval', 'norm', 'not', 'refusing', 'remarry', 'also', 'first', 'woman', 'make', 'living', 'writer', 'single', 'working', 'mom', 'Europes', 'first', 'professional', 'woman', 'writer']",1,2576,44,560
"['Maybe', 'met', 'pi', 'grade', 'school', 'Maybe', 'not', 'appreciate', 'Get', 'know', 'magical', 'practical', 'number', 'go', 'forever', 'Pi', 'Day', 'Pi', 'Deserves', 'Day', 'Help', 'Find', 'Best', 'Pizza', 'Deal']",1,1231,49,201
"['certain', 'profession', 'community', 'public', 'health', 'recommendation', 'difficult', 'not', 'impossible', 'follow', 'people', 'vulnerable', 'catching', 'coronavirus']",1,2600,107,503
"['snowy', 'owlet', 'laying', 'top', 'ridge', 'Arctic', 'tundra', 'writes', 'Fred', 'Lemire', 'experience', 'photographing', 'Iqaluit', 'Nunavut']",1,11444,94,0
"['Albert', 'Einsteins', 'birthday', 'get', 'know', 'lesser', 'known', 'facet', 'famous', 'physicist', 'life', '10', 'Things', 'Probably', 'Didnt', 'Know', 'Einstein']",1,2664,97,661
"['17thcentury', 'European', 'plague', 'physician', 'wore', 'beaked', 'mask', 'leather', 'glove', 'long', 'coat', 'attempt', 'fend', 'disease', 'iconic', 'ominous', 'look', 'recognizable', 'day', 'plague', 'doctor', 'wore', 'strange', 'beaked', 'mask']",1,7356,272,2952
"['dirty', 'fish', 'get', 'clean', 'signaling', 'shrimp', 'help']",0,27028,876,0
"['first', 'time', 'no', 'one', 'summit', 'world', 'highest', 'mountain', 'since', 'massive', 'earthquake', 'closed', 'peak', '2015', 'COVID19', 'shuts', 'Everest']",1,2909,206,701
"['Great', 'white', 'pelican', 'dive', 'food', 'actionpacked', 'image', 'Shot', 'photographer', 'Yuki', 'Nakagawa']",1,9163,113,0
"['Months', 'testing', 'confirmed', 'fragment', 'modern', 'forgery', 'duped', 'outside', 'collector', 'museum', 'founder', 'world', 'leading', 'biblical', 'scholar', 'happens', 'next', 'Exclusive', 'Dead', 'Sea', 'Scrolls', 'Museum', 'Bible', 'forgery']",1,3683,487,2705
"['One', 'popular', 'theory', 'handshake', 'origin', 'Grasping', 'hand', 'proved', 'not', 'holding', 'weaponand', 'shaking', 'way', 'ensure', 'partner', 'nothing', 'hiding', 'sleeve', 'touch', 'stranger', 'much', 'history', 'handshake', 'offer', 'clue']",1,1332,64,377
"['Friday', '13th', 'no', 'better', 'day', 'explore', 'mythical', 'beast', 'legend', 'around', 'world', 'imaginary', 'beast', 'fueled', 'nightmare', 'around', 'world']",1,4903,53,683
"['tiny', 'freshwater', 'fish', 'life', 'mostly', 'mainland', 'Brazil', 'stable', 'population', 'found', 'Fernando', 'de', 'Noronha', 'archipelago', 'located', '200', 'mile', 'away', 'Tiny', 'Guppy', 'Mysteriously', 'Traveled', 'Hundreds', 'Miles']",1,4071,96,312
"['Stay', 'calm', 'truthful', 'tip', 'answering', 'child', 'question', 'coronavirus', 'Talking', 'kid', 'coronavirus']",1,1393,107,477
"['Sit', 'back', 'moment', 'watchand', 'listen', 'toa', 'fox', 'prowl', 'Yellowstone', 'National', 'Park']",0,34281,1206,0
"['Italy', 'acting', 'contain', 'pandemic', 'despite', 'crushing', 'certainty', 'financial', 'disaster', 'Heres', 'Venice', 'copingcautiouslywith', 'coronavirus', 'Venice', 'contending', 'coronavirus']",1,2381,129,320
"['nighttime', 'dive', 'Shot', 'photographer', 'Anand', 'Radhakrishan', 'came', 'across', 'colorful', 'squid']",1,49762,915,0
"['Cat', 'Tracker', 'project', 'singular', 'scalenearly', 'thousand', 'cat', 'across', 'four', 'country', 'wore', 'GPS', 'tracker', 'week', 'shed', 'light', 'far', 'range', 'go', 'Cat', 'Tracker', 'study', 'reveals', 'secret', 'wandering', '900', 'house', 'cat']",1,2874,293,554
"['final', 'stage', 'World', 'War', 'II', 'child', 'East', 'Prussia', 'separated', 'family', 'many', 'left', 'roam', 'unforgiving', 'forest', 'order', 'survive', 'forgotten', 'Wolf', 'Children', 'World', 'War', 'II']",1,2968,86,928
"['Deserts', 'ocean', 'tundra', 'forestswhich', 'incredible', 'landscape', 'inspires', '43', 'Stunning', 'Landscape', 'Photos']",1,9918,218,2149
"['bird', 'really', 'know', 'step', 'courtship', 'game']",0,30815,2309,0
"['mother', 'giraffewhich', 'gained', 'international', 'attention', '2017and', 'sevenmonthold', 'calf', 'likely', 'slain', 'poacher', 'say', 'wildlife', 'official', 'Two', 'rare', 'white', 'giraffe', 'killed', 'Kenya']",1,6490,1710,4113
"['bird', 'preens', 'along', 'shoreline', 'reflective', 'image', 'Shot', 'photographer', 'Roberto', 'Marchitelli']",1,17564,137,0
"['Biodiversity', 'deteriorating', 'worldwide', 'faster', 'rate', 'time', 'human', 'history', 'save', 'life', 'know', 'need', 'protect', 'least', '30', 'percent', 'planet', '2030', 'Nature', 'need', 'u', 'actnow']",1,3209,72,625
"['piece', 'amber', 'le', '15', 'inch', 'wide', 'hold', 'skull', 'smallest', 'prehistoric', 'dinosaur', 'ever', 'found', 'birdlike', 'creature', 'lived', '99', 'million', 'year', 'ago', 'Smallestever', 'fossil', 'dinosaur', 'found', 'trapped', 'amber']",1,8067,229,1977
"['TJ', 'Holmes', 'exploring', 'harp', 'seal', 'pup', 'rely', 'ice', 'floe', 'Northwest', 'Atlantic', 'latest', 'installment', 'ExtraordinaryEarth', 'series', 'Good', 'Morning', 'America', 'httpsonnatgeocom3cRjXne']",0,2712,46,0
"['Heres', 'family', 'deciding', 'whether', 'stay', 'go', 'coronavirus', 'spread', 'traveler', 'waver', 'cancel', 'plan', 'not']",1,1504,221,180
"['Get', 'lost', 'mesmerizing', 'karst', 'formation', 'Vietnams', 'legendary', 'Ha', 'Long', 'Bay', 'Sail', 'Ha', 'Long', 'Bays', 'Dreamy', 'Seascape']",1,5931,153,527
"['Coober', 'Pedyan', 'Australian', 'town', '70', 'percent', 'world', 'opal', 'minedthe', 'majority', 'resident', 'live', 'underground', 'See', 'People', 'Live', 'Legendary', 'Underground', 'Town']",1,2501,73,527
"['Coffee', 'leaf', 'rust', 'economically', 'significant', 'coffee', 'pest', 'worldbut', 'Asian', 'tramp', 'snail', 'consume', 'large', 'amount', 'invasive', 'snail', 'could', 'save', 'coffee', 'destruction']",1,1713,34,261
"['Like', 'many', 'urban', 'specie', 'aquatic', 'mammal', 'changing', 'behavior', 'fit', 'new', 'home', 'research', 'show', 'Cheeky', 'otter', 'thriving', 'Singaporeand', 'adapting', 'quickly', 'big', 'city', 'life']",1,4677,482,789
"['11', 'million', 'people', 'high', 'blood', 'pressure', 'dont', 'know', 'Heres', 'coronavirus', 'threat', 'others', 'common', 'underlying', 'condition', 'underlying', 'condition', 'make', 'coronavirus', 'severe', 'surprisingly', 'common']",1,4057,348,3779
"['Morning', 'light', 'fill', 'field', 'Transylvania', 'Romania', 'Shot', 'photographer', 'Sebastian', 'Vasiu', 'photographed', 'two', 'horse', 'grazing']",1,14988,201,0
"['dug', 'favorite', 'archaeology', 'photo', 'archive', 'Enjoy', '13', 'Pictures', 'Capture', 'Wonder', 'Thrill', 'Archaeology']",1,9166,145,1223
"['Turtles', 'bioengineers', 'keeping', 'landscape', 'healthy', 'redistributing', 'energy', 'one', 'ecosystem', 'another', 'number', 'turtle', 'specie', 'already', 'risk', 'vanishing', 'No', 'Turtles']",1,5439,188,1326
"['rainbow', 'ride', 'festival', 'frog', 'get', 'daily', 'dose', 'color', 'breathtaking', 'image', 'Life', 'Color', 'Kaleidoscope', 'Pictures']",1,2458,18,268
"['cosmic', 'calendar', 'visualizes', 'chronology', 'universe', 'scaling', 'approximately', '138', 'billion', 'year', 'one', 'single', 'year', 'perspective']",0,9453,244,0
"['writer', 'traveled', 'length', 'Grand', 'Canyon', 'searching', 'pristine', 'timeless', 'wonder', 'Instead', 'found', 'ecosystem', 'squeezed', 'increasingly', 'larger', 'crowd', 'Grand', 'Canyon', 'popular', 'good']",1,1683,77,180
"['Holi', 'color', 'hide', 'class', 'line', 'foreigner', 'join', 'local', 'Learn', 'colorful', 'Hindu', 'celebration', '9', 'Things', 'Know', 'Holi', 'Indias', 'Colorful', 'Festival']",1,1655,53,222
"['life', 'attained', 'liftoff', 'writes', 'Ann', 'Druyan', 'creative', 'director', 'Voyager', 'golden', 'disc', 'Carl', 'Sagan', 'fell', 'love', '1977', 'collaborating', 'message', 'carry', 'Dear', 'Voyagers', 'billionyear', 'journey', 'carry', 'true', 'love']",1,1534,30,205
"['island', 'monastery', 'designsavvy', 'contemporary', 'chapel', 'peruse', 'photo', 'beautiful', 'site', 'Europe', 'See', 'Europes', 'breathtaking', 'cathedral']",1,1600,34,133
"['Flamingos', 'flock', 'shoreline', 'Lake', 'Bogoriaa', 'saline', 'alkaline', 'lake', 'located', 'Kenyain', 'photo', 'Teong', 'Lin', 'Ng']",1,16951,262,0
"['inside', 'looking', 'French', 'photographer', 'survey', 'everyday', 'life', 'inside', 'radical', 'housing', 'project', 'Peek', 'Inside', 'Pariss', 'Futuristic', 'Dream', 'Homes']",1,860,34,75
"['Despite', 'significant', 'contributionsto', 'WiFi', 'car', 'coffee', 'much', 'moremany', 'female', 'inventor', 'long', 'gone', 'unrecognized', '6', 'Inventions', 'Wouldnt', 'Without', 'Women']",1,4361,108,1674
"['octopus', 'nurseryunlike', 'observed']",0,14162,435,0
"['Womantowoman', 'travel', 'one', 'greatest', 'unexplored', 'frontier', 'future', 'travel', 'female', 'Heres']",1,1351,60,196
"['desert', 'Syria', 'grassland', 'South', 'Sudan', 'wartorn', 'jungle', 'western', 'Colombia', 'growing', 'number', 'woman', 'serving', 'front', 'line', 'military', 'conflict', 'today', 'battlefield', 'woman', 'ever', 'fight']",1,6655,306,796
"['San', 'Mao', 'whose', 'real', 'name', 'Chen', 'Mao', 'Ping', 'launched', 'bold', 'career', 'Taiwans', 'wandering', 'writer', 'Meet', '20', 'woman', 'explorer', 'changed', 'world', 'httpsonnatgeocom39Fy8dm']",1,2106,40,0
"['Since', 'National', 'Geographics', 'founding', '1888', 'woman', 'churned', 'achievement', 'science', 'exploration', 'Yet', 'magazine', 'woman', 'often', 'side', 'note', 'overshadowed', 'famous', 'husband', 'salute', 'past', 'present', 'explorer', '20', 'woman', 'trailblazing', 'explorerswhy', 'history', 'forget']",1,4054,67,1274
"['century', 'ago', 'International', 'Womens', 'Day', 'created', 'socialist', 'movement', 'leader', 'impatient', 'equality', 'woman', 'root', 'International', 'Womens', 'Day', 'radical', 'think']",1,4068,184,673
"['1930s', 'boldest', 'attempt', 'crewed', 'deepsea', 'exploration', 'conducted', 'steel', 'contraption', 'called', 'bathysphere', 'water', 'group', 'female', 'scientist', 'ensured', 'bold', 'new', 'contraption', 'operated', 'without', 'hitch', 'woman', 'unlocked', 'mystery', 'deep', 'sea']",1,1675,20,316
"['deepest', 'dive', 'ever', 'beneath', 'Antarctic', 'ice', 'thriving', 'plant', 'animal', 'captured', 'camera', 'Take', 'look', 'Pictures', 'Mysterious', 'DeepSea', 'Life', 'Antarctica']",1,11452,175,2742
"['female', 'Mexican', 'red', 'knee', 'tarantula', 'crawl', 'exoskeletontaking', 'three', 'hour', 'total']",0,7663,889,0
"['one', 'doctor', 'one', 'school', 'one', 'internet', 'cafe', '267', 'resident', 'Tristan', 'da', 'Cunha', 'world', 'remote', 'inhabited', 'place', 'Like', 'Live', 'Worlds', 'Remote', 'Island']",1,3695,149,480
"['recently', 'revealed', 'dinosaur', 'fossil', 'well', 'preserved', 'contain', 'outline', 'cellsand', 'structure', 'might', 'formed', 'dinosaur', 'original', 'DNA', 'Hints', 'fossil', 'DNA', 'discovered', 'dinosaur', 'skull']",1,1230,48,192
"['adult', 'king', 'penguin', 'search', 'chick', 'within', 'crowd', 'image', 'photographer', 'Jamie', 'Coleman', 'taken', 'South', 'Georgia']",1,8347,120,0
"['time', 'shift', 'started', 'way', 'maximize', 'limited', 'daylight', 'hour', 'benefit', 'debatable', 'daylight', 'saving', 'time', 'existsand', 'unpopular']",1,1134,186,264
"['Female', 'swamp', 'wallaby', 'conceive', 'one', 'two', 'day', 'giving', 'birth', 'thanks', 'two', 'uterus', 'result', 'continuously', 'pregnant', 'adult', 'life', 'marsupial', 'animal', 'always', 'pregnant']",1,1300,75,209
"['perhaps', 'best', 'known', 'lively', 'music', 'beloved', 'dance', 'Cuba', 'also', 'showcase', 'vivacity', 'unexpected', 'place', 'See', '25', 'captivating', 'picture', 'Cuba']",1,2057,86,274
"['may', 'look', 'like', 'fit', 'screaming', 'cat', 'chaos', 'scene', 'provides', 'rare', 'glimpse', 'predator', 'breeding', 'behavior', 'Hear', 'Otherworldly', 'Screams', 'Lynx', 'Battle']",1,4421,85,463
"['anteater', 'live', 'see', 'another', 'day']",0,21755,656,0
"['Invasive', 'specie', 'alter', 'habitat', 'break', 'food', 'chain', 'eat', 'prey', 'populationsand', 'exotic', 'pet', 'trade', 'rank', 'primary', 'cause', 'spread', 'never', 'release', 'exotic', 'pet', 'wild']",1,3586,80,490
"['mountainous', 'region', 'Meghalaya', 'reverence', 'nature', 'suffuses', 'daily', 'lifeas', 'seen', 'sturdy', 'bridge', 'grown', 'tree', 'time', 'Surreal', 'Photos', 'Indias', 'Living', 'Root', 'Bridges']",1,7086,76,1355
"['positioned', 'vehicle', 'hoping', 'zebra', 'would', 'walk', 'across', 'right', 'moment', 'writes', 'Shot', 'photographer', 'Manish', 'Mandhyan']",1,20012,198,0
"['Even', 'decade', 'study', 'detail', 'surrounding', 'Mediterranean', 'Seas', 'vanishing', 'act', 'torrent', 'water', 'refilled', 'basin', 'remain', 'enduring', 'mystery', 'Mediterranean', 'nearly', 'dried', 'cataclysmic', 'flood', 'revived']",1,2253,85,371
"['Theres', 'nothing', 'like', 'freedom', 'spontaneity', 'exploring', 'city', 'entirely', 'foot', 'Stroll', 'Americas', 'walkable', 'city']",1,2984,45,177
"['Similar', 'polar', 'bear', 'golf', 'ballsized', 'bat', 'hibernate', 'snow', 'den']",0,10987,381,0
"['warming', 'climate', 'begin', 'offer', 'human', 'greater', 'passage', 'Arctic', 'concern', 'loom', 'impact', 'light', 'pollution', 'marine', 'life', 'thrives', 'darkness', 'Arctic', 'warms', 'light', 'pollution', 'may', 'pose', 'new', 'threat', 'marine', 'life']",1,1129,78,183
"['New', 'finding', 'suggest', 'impulse', 'avoid', 'hurting', 'others', 'least', '93', 'million', 'year', 'oldwhich', 'human', 'rat', 'diverged', 'evolutionary', 'tree', 'Rats', 'avoid', 'harming', 'rat', 'finding', 'may', 'help', 'u', 'understand', 'sociopath']",1,5464,323,1822
"['Shot', 'photographer', 'David', 'Wilder', 'spent', 'two', 'night', 'car', 'capturing', 'brilliant', 'morning', 'sky', 'Little', 'know', 'going', 'see', 'amazing', 'sunrise', 'life', 'writes']",1,15772,237,0
"['Ruler', 'two', 'nation', 'mother', 'king', 'queen', 'leader', 'crusade', 'Eleanor', 'Aquitaine', 'savvy', 'power', 'player', 'medieval', 'France', 'England', 'mighty', 'medieval', 'woman', 'outwitted', 'outlasted', 'rival']",1,5680,115,982
"['Peer', 'inside', 'Asias', 'longest', 'cave', 'brimming', 'fossil', 'rare', 'specie', 'Shuanghe', 'Cave', 'Asias', 'Longest', 'Cave']",1,1339,21,130
"['Home', 'half', 'million', 'people', 'Transdniestria', 'form', 'currency', 'constitution', 'standing', 'armybut', 'not', 'considered', 'country', 'Country', 'not', 'Exist']",1,2492,144,458
"['Although', 'megaresorts', 'dominate', 'ski', 'industry', 'family', 'pining', 'lowerkey', 'ski', 'vacation', 'option', 'Bigger', 'isnt', 'always', 'better', 'family', 'ski', 'trip']",1,1087,17,55
"['dinner', 'time', 'great', 'white', 'shark', 'even', 'canister', 'hanging', 'camera', 'pole', 'fair', 'game']",0,8644,247,0
"['National', 'Geographic', 'archive', 'offer', 'unique', 'window', 'pastand', 'highlight', 'importance', 'mindful', 'travel', 'future', 'like', 'travel', 'time', 'National', 'Geographics', 'archive']",1,803,19,56
"['Diamonds', 'arent', 'pretty', 'say', 'also', 'tell', 'u', 'lot', 'Earth', 'Earths', 'seafloor', 'may', 'destined', 'become', 'diamond']",1,4613,97,646
"['technological', 'battle', 'burned', 'hot', 'two', 'genius', 'competing', 'vision', 'future', 'electricity', 'Edison', 'Teslas', 'cutthroat', 'Current', 'War', 'ushered', 'electric', 'age']",1,2282,246,381
"['scientist', 'artist', 'researcher', 'helped', 'bring', 'recordbreaking', 'deep', 'sea', 'expedition', 'life', '1930s', 'woman', 'unlocked', 'mystery', 'deep', 'sea']",1,3088,31,562
"['American', 'port', 'stopover', 'global', 'trade', 'route', 'shipment', 'legal', 'illegal', 'shark', 'fin', 'US', 'inadvertently', 'facilitating', 'shark', 'fin', 'smuggling']",1,1657,154,565
"['course', 'outbreak', 'US', 'could', 'require', 'seven', 'billion', 'respirator', 'face', 'mask', 'protect', 'health', 'worker', 'coronavirus', 'threat', 'Meanwhile', 'rising', 'demand', 'hoarding', 'misuse', 'increasingly', 'disrupting', 'global', 'supply', 'US', 'fraction', 'medical', 'supply', 'need', 'combat', 'coronavirus']",1,2424,735,1045
"['note', 'Rachael', 'Bale', 'Executive', 'Editor', 'Animals', 'National', 'Geographic', 'Im', 'skeptic', 'come', 'International', 'X', 'Day', 'World', 'Day', 'Mostly', 'theyre', 'niche', 'topic', 'give', 'u', 'excuse', 'post', 'photo', 'cat', 'eat', 'donut', 'clear', 'Im', 'not', 'complaining', 'journalistic', 'perspective', 'there', 'not', 'ton', 'u', 'WorldWildlifeDay', 'handI', 'work', 'UNdesignated', 'holiday', 'fall', 'Tuesday', 'March', '3', 'theme', 'sustaining', 'life', 'Earth', 'raising', 'awareness', 'importance', 'planet', 'rich', 'diversity', 'wildlife', 'whats', 'risk', 'continue', 'exploit', 'message', 'strive', 'deliver', 'journalism', 'every', 'day', 'work', 'goal', 'storytelling', 'inspires', 'reader', 'care', 'enough', 'take', 'action', 'protect', 'world', 'wildlife', 'Bringing', 'story', 'important', 'animal', 'issue', 'may', 'not', 'know', 'play', 'part', 'shining', 'light', 'world', 'trafficked', 'mammalthe', 'pangolin', 'many', 'people', 'never', 'heard', 'ofto', 'highlighting', 'threat', 'invasive', 'specie', 'pose', 'sensitive', 'ecosystem', 'photographer', 'writer', 'aim', 'arm', 'information', 'inspiration', 'care', 'care', 'Earths', 'biodiversity', 'not', 'yet', 'subscriber', 'consider', 'signing', 'today', 'knowing', 'support', 'help', 'fund', 'science', 'conservation', 'educationand', 'journalism', 'send', 'writer', 'photographer', 'around', 'world', 'bring', 'story', 'no', 'one', 'else', 'Sometimes', 'mean', 'spending', 'day', 'sitting', 'hundred', 'foot', 'tree', 'waiting', 'rarely', 'seenand', 'even', 'rarely', 'photographedbird', 'Sometimes', 'mean', 'scaling', 'harrowing', 'cliffswhile', 'taking', 'NatGeoworthy', 'photo', 'time', 'Thank', 'reading', 'sharing', 'story', 'Thank', 'story', 'idea', 'feedback', 'subscriber', 'especiallythank', 'helping', 'u', 'continue', 'kind', 'journalism', 'httpsonnatgeocom2PIkMVo']",1,5915,64,0
"['Scientists', 'spotted', 'cellular', 'structuresand', 'substance', 'behaves', 'like', 'DNAin', 'cartilage', '70', 'million', 'year', 'old', 'Hints', 'fossil', 'DNA', 'discovered', 'dinosaur', 'skull']",1,6085,115,784
"['scientist', 'investigate', 'microbe', 'living', 'inside', 'u', 'learn', 'surprising', 'impact', 'look', 'act', 'think', 'feel', 'trillion', 'microbe', 'affect', 'every', 'stage', 'lifefrom', 'birth', 'old', 'age']",1,2487,49,716
"['elephant', 'seal', 'taking', 'midday', 'nap', 'photographer', 'Barbara', 'Engel', 'visited', 'South', 'Georgia', 'Island', 'suddenly', 'seal', 'raised', 'head', 'say', 'Whats']",1,11029,141,0
"['extraordinary', 'rare', 'sighting', 'baby', 'dangles', 'dramatically', 'umbilical', 'corda', 'behavior', 'little', 'seen', 'expert', 'unsure', 'evolutionary', 'strategy', 'rare', 'video', 'sloth', 'giving', 'birth', 'scientist', 'excited']",1,6368,305,1691
"['Female', 'swamp', 'wallaby', 'two', 'uterus', 'conceive', 'one', 'two', 'day', 'giving', 'birthand', 'continuously', 'pregnant', 'adult', 'life', 'marsupial', 'animal', 'always', 'pregnant']",1,5115,190,930
"['Across', 'western', 'US', 'third', 'consumed', 'water', 'go', 'irrigate', 'crop', 'not', 'human', 'feed', 'beef', 'dairy', 'cattle', 'beef', 'eater', 'city', 'draining', 'river', 'American', 'West']",1,3225,401,882
"['National', 'Geographic', 'explorer', 'volcanologist', 'Jeffrey', 'B', 'Johnson', 'pioneered', 'technology', 'let', 'expert', 'listen', 'early', 'warning', 'sign', 'eruption', 'Learn', 'Masaya', 'Volcano', 'Nicaragua', 'ExtraordinaryEarth', 'series', 'Good', 'Morning', 'America']",0,2141,64,0
"['long', 'list', 'animal', 'evolved', 'look', 'way', 'impressing', 'potential', 'partner', 'intimidating', 'sexual', 'rival', 'camouflage', 'even', 'thermoregulation', 'Imitation', 'crab', 'Meet', '6', 'creature', 'steal', 'others', 'look']",1,4317,85,884
"['Flowers', 'pick', 'frequency', 'pollinatorslike', 'bee', 'wingswhile', 'tuning', 'sound', 'like', 'wind', 'researcher', 'found', 'Flowers', 'hear', 'buzzing', 'beesand', 'make', 'nectar', 'sweeter']",1,15198,308,10095
"['Bear', 'dog', 'crucial', 'solving', 'wildlife', 'crime', 'locating', 'polar', 'bear', 'den', 'protect', 'even', 'acting', 'bear', 'shepherdsconditioning', 'steer', 'clear', 'human', 'dog', 'scare', 'bear', 'awayto', 'protect']",1,12803,209,2101
"['caracal', 'agile', 'hunter', 'known', 'snatching', 'two', 'bird', 'air', 'single', 'leap']",0,15700,420,0
"['Ancient', 'volcanic', 'force', 'forged', 'spectacular', 'coastal', 'playground', 'perfect', 'place', 'scramble', 'across', 'mythical', 'landscape', 'Dinosaurs', 'gladiator', '10', 'World', 'Heritage', 'trip', 'family']",1,2560,33,175
"['little', 'visibility', 'no', 'sign', 'wildlife', 'Wilhelmina', 'Bay', 'Antarctica', 'Shot', 'photographer', 'Karthik', 'Ravindran', 'turn', 'back', 'within', 'minute', 'hardly', '20', 'foot', 'away', 'surrounded', 'score', 'humpback', 'whale']",1,7829,59,0
